{
  "weights": [
    1.111566332932169,
    9.720107478728169,
    8.974571015092,
    0.39227203310953074,
    2.1158064044450944,
    1.2556040841118792,
    0.48361760675571797
  ],
  "ekman_emotions": [
    "anger",
    "disgust",
    "fear",
    "joy",
    "sadness",
    "surprise",
    "neutral"
  ],
  "ekman_to_id": {
    "anger": 0,
    "disgust": 1,
    "fear": 2,
    "joy": 3,
    "sadness": 4,
    "surprise": 5,
    "neutral": 6
  }
}