{
  "train_loss": [
    -6.91430886401635,
    -33.98383223167096,
    -57.82682863498558,
    -58.773808840156825,
    -59.34295594478064,
    -63.29979266764107,
    -66.2209315026446,
    -70.51906243834024,
    -73.81321321607832
  ],
  "val_f1": [
    0.5855423135003017,
    0.7672527423710205,
    0.7704081508914128,
    0.7799862095047455,
    0.7756551704442689,
    0.766537103190712,
    0.7730657018913247,
    0.7764419553257484,
    0.7662859505977706
  ],
  "val_emo_f1": [
    0.2647809539456632,
    0.5380116255126964,
    0.6155545403295706,
    0.6047036448706947,
    0.6232613892657103,
    0.6194339565550394,
    0.6175604289878445,
    0.621792376468039,
    0.6217420107566273
  ],
  "val_sent_f1": [
    0.8669696778402036,
    0.9299971705127952,
    0.9346136795065243,
    0.9472341052476493,
    0.9403556771545827,
    0.9472141071193578,
    0.9426303711657087,
    0.9449251563190804,
    0.9414730441992223
  ],
  "task_weights": [
    [
      1.0,
      1.0,
      1.0,
      1.0
    ],
    [
      1.9894059039758902,
      2.9390443056785087,
      1.0048023309437417,
      3.083424603845164
    ],
    [
      1.7354758119808444,
      1.7122841380011724,
      1.016357268975871,
      3.0362609634538478
    ],
    [
      1.4832367204513994,
      1.135251687920825,
      1.115425055660319,
      3.1340889368939218
    ],
    [
      1.4584073537236353,
      1.0560663163821171,
      1.457182879558561,
      3.103402535967292
    ],
    [
      1.5798691396860995,
      1.0244824153901706,
      2.01867825460891,
      3.1828934353167533
    ],
    [
      1.725449206475664,
      1.0188688610273062,
      2.7118979872501985,
      3.172227141559932
    ],
    [
      1.9725276495867043,
      1.0069900655690882,
      3.3798066328989544,
      3.224638371020263
    ],
    [
      2.1496847209817074,
      1.0028697533842266,
      3.933260230800747,
      3.255482591996035
    ]
  ],
  "best_f1": 0.7799862095047455,
  "best_emo_f1": 0.6047036448706947,
  "best_sent_f1": 0.9472341052476493,
  "config": {
    "encoder": "roberta-base",
    "hidden_dim": 768,
    "n_heads": 8,
    "num_emotion_classes": 7,
    "max_length": 128,
    "dropout": 0.3,
    "batch_size": 16,
    "gradient_accumulation": 4,
    "epochs": 10,
    "lr_encoder": 1e-05,
    "lr_heads": 5e-05,
    "weight_decay": 0.01,
    "max_grad_norm": 1.0,
    "warmup_ratio": 0.1,
    "focal_gamma": 2.0,
    "label_smoothing": 0.1,
    "patience": 5,
    "freezing_epochs": 1,
    "balancing": "db-mtl",
    "db_scale_clamp": 5.0,
    "db_ema_beta": 0.9
  },
  "model_type": "aura_v11.6_dbmtl_clamped_ema",
  "balancing_method": "DB-MTL + Clamp + EMA (Lin et al., 2023)",
  "v11_fixes": [
    "proper_emotion_sentiment_validation",
    "task_mask_in_loss",
    "optimizer_state_reset_on_unfreeze",
    "emotion_eval_data_leak_fixed"
  ],
  "v116_improvements": [
    "db_mtl_gradient_balancing",
    "no_learnable_task_weights",
    "scale_clamping",
    "ema_smoothed_gradient_norms"
  ]
}