{
  "train_loss": [
    0.9157143547012155,
    0.4648547702035176,
    0.42386537713309436,
    0.40139182541104457,
    0.37925779714574825,
    0.35162597212152563,
    0.33092177661257877,
    0.29917927810594785
  ],
  "val_f1": [
    0.6166940359328054,
    0.7503385886722818,
    0.7829931068180342,
    0.7785679137572414,
    0.7573300828343402,
    0.7563188255047104,
    0.7473282442748093,
    0.7529730257060632
  ],
  "val_emo_f1": [
    0.29396785899033695,
    0.5610724519666578,
    0.6111837134459389,
    0.6001063825547904,
    0.6151305628741321,
    0.6156947132262849,
    0.6223973105845884,
    0.6207815929728068
  ],
  "val_sent_f1": [
    0.8736378390911199,
    0.943780648743525,
    0.9333965444584913,
    0.9460849638036253,
    0.9449399359105906,
    0.9414397509688277,
    0.9437983960813561,
    0.9460849638036253
  ],
  "task_weights": [
    [
      1.0,
      1.0,
      1.0,
      1.0
    ],
    [
      1.12744140625,
      1.111533761024475,
      1.1456266641616821,
      0.6153979897499084
    ],
    [
      1.203359603881836,
      1.136671781539917,
      1.266195297241211,
      0.39377304911613464
    ],
    [
      1.2586112022399902,
      1.1575499773025513,
      1.3142387866973877,
      0.2696003019809723
    ],
    [
      1.2093839645385742,
      1.2113609313964844,
      1.3844457864761353,
      0.19480931758880615
    ],
    [
      1.1917461156845093,
      1.210642695426941,
      1.4974628686904907,
      0.10014854371547699
    ],
    [
      1.1051124334335327,
      1.2190377712249756,
      1.5758066177368164,
      0.1000431701540947
    ],
    [
      1.034324049949646,
      1.1322979927062988,
      1.671110987663269,
      0.16226725280284882
    ]
  ],
  "best_f1": 0.7829931068180342,
  "best_emo_f1": 0.6111837134459389,
  "best_sent_f1": 0.9333965444584913,
  "config": {
    "encoder": "roberta-base",
    "hidden_dim": 768,
    "n_heads": 8,
    "num_emotion_classes": 7,
    "max_length": 128,
    "dropout": 0.3,
    "batch_size": 16,
    "gradient_accumulation": 4,
    "epochs": 10,
    "lr_encoder": 1e-05,
    "lr_heads": 5e-05,
    "weight_decay": 0.01,
    "max_grad_norm": 1.0,
    "warmup_ratio": 0.1,
    "focal_gamma": 2.0,
    "label_smoothing": 0.1,
    "patience": 5,
    "freezing_epochs": 1,
    "gradnorm_alpha": 1.5,
    "gradnorm_lr": 0.025
  },
  "model_type": "aura_v11.3_gradnorm",
  "v11_fixes": [
    "proper_emotion_sentiment_validation",
    "task_mask_in_gradnorm_loss",
    "optimizer_state_reset_on_unfreeze",
    "emotion_eval_data_leak_fixed"
  ],
  "v113_improvements": [
    "gradnorm_gradient_balancing"
  ],
  "v112_reverted": [
    "task_weighted_sampling_removed"
  ]
}