{
  "train_loss": [
    0.9157143547012155,
    0.45632836752248185,
    0.3495288833619464,
    0.28176609122288626,
    0.22246231408537048,
    0.16085505771058714,
    0.1033907062982744,
    0.05968129148183148,
    0.036098998128004364
  ],
  "val_f1": [
    0.6166940359328054,
    0.7482130701661364,
    0.7780279261370441,
    0.7836483468598507,
    0.7567228622210911,
    0.7533612265113322,
    0.7574169267320171,
    0.7488335721391943,
    0.7510880650750157
  ],
  "val_emo_f1": [
    0.29396785899033695,
    0.5602750239330115,
    0.6157139752043188,
    0.5969292556101677,
    0.61037466271765,
    0.615544355139498,
    0.625177789318282,
    0.6214600121325908,
    0.6235077126341094
  ],
  "val_sent_f1": [
    0.8736378390911199,
    0.9380339518357679,
    0.9357460157055939,
    0.9426361076757098,
    0.9426530086125711,
    0.9426095289242709,
    0.9415075305503201,
    0.9449468882680683,
    0.9460696394334838
  ],
  "task_weights": [
    [
      1.0,
      1.0,
      1.0,
      1.0
    ],
    [
      1.1138252019882202,
      0.9085900187492371,
      1.1132276058197021,
      0.8643572926521301
    ],
    [
      1.1029033660888672,
      0.7418032884597778,
      1.1157152652740479,
      1.039577841758728
    ],
    [
      0.9424102306365967,
      0.6073434352874756,
      1.1208593845367432,
      1.3293870687484741
    ],
    [
      0.6791731715202332,
      0.5147685408592224,
      1.0984879732131958,
      1.707570195198059
    ],
    [
      0.4314463436603546,
      0.35057228803634644,
      1.0240473747253418,
      2.193934202194214
    ],
    [
      0.24859777092933655,
      0.21448251605033875,
      0.8349615931510925,
      2.701958179473877
    ],
    [
      0.11951402574777603,
      0.10495328903198242,
      0.5604297518730164,
      3.2151029109954834
    ],
    [
      0.10015891492366791,
      0.10277605801820755,
      0.2828587591648102,
      3.5142061710357666
    ]
  ],
  "best_f1": 0.7836483468598507,
  "best_emo_f1": 0.5969292556101677,
  "best_sent_f1": 0.9426361076757098,
  "config": {
    "encoder": "roberta-base",
    "hidden_dim": 768,
    "n_heads": 8,
    "num_emotion_classes": 7,
    "max_length": 128,
    "dropout": 0.3,
    "batch_size": 16,
    "gradient_accumulation": 4,
    "epochs": 10,
    "lr_encoder": 1e-05,
    "lr_heads": 5e-05,
    "weight_decay": 0.01,
    "max_grad_norm": 1.0,
    "warmup_ratio": 0.1,
    "focal_gamma": 2.0,
    "label_smoothing": 0.1,
    "patience": 5,
    "freezing_epochs": 1,
    "gradnorm_alpha": 1.0,
    "gradnorm_lr": 0.025
  },
  "model_type": "aura_v11.4_gradnorm_alpha1.0",
  "ablation": "gradnorm_alpha 1.5 -> 1.0",
  "v11_fixes": [
    "proper_emotion_sentiment_validation",
    "task_mask_in_gradnorm_loss",
    "optimizer_state_reset_on_unfreeze",
    "emotion_eval_data_leak_fixed"
  ]
}