{
  "train_loss": [
    -6.91430886401635,
    -7665369646632.714,
    -4801534043971.319,
    -3792902077745.0835,
    -3699572887410.577,
    -3818083972846.4385,
    -3987416919965.8003,
    -4282304776879.5303,
    -4449642970450.2705,
    -4492679087794.194
  ],
  "val_f1": [
    0.5855423135003017,
    0.7615774783156757,
    0.7670145631067962,
    0.76970663621118,
    0.7758230062808904,
    0.7682340889543589,
    0.7681076609286923,
    0.769183928027736,
    0.7639537569932001,
    0.7649028250537246
  ],
  "val_emo_f1": [
    0.2647809539456632,
    0.5722595618408446,
    0.6216550066163943,
    0.608239252849487,
    0.6178095705375701,
    0.6225867394722693,
    0.6232301921855278,
    0.6275894836892139,
    0.6275202961083319,
    0.6252645698404891
  ],
  "val_sent_f1": [
    0.8669696778402036,
    0.9265668750921072,
    0.9357632585623556,
    0.9426095289242709,
    0.9483830232236934,
    0.9357794786817117,
    0.9449468882680683,
    0.9426303711657087,
    0.939210510047181,
    0.943780648743525
  ],
  "task_weights": [
    [
      1.0,
      1.0,
      1.0,
      1.0
    ],
    [
      7.481554974271805,
      4.4119420419102475,
      1.1416491699809526,
      417240347178.3317
    ],
    [
      15.648278664238513,
      2.6109632129634157,
      1.8112997278451146,
      260679609061.3609
    ],
    [
      8.682940132962537,
      1.8937148394885088,
      6.092036315160543,
      205975355969.06403
    ],
    [
      10.28517548395832,
      1.6907794657950441,
      27.547440286352767,
      200874545424.02853
    ],
    [
      31.85888404054553,
      1.5545240301247678,
      136.38295546645233,
      207278755325.8525
    ],
    [
      18.871058028070934,
      1.51306395273863,
      368.2034477772129,
      216470295041.92618
    ],
    [
      14.741202974037494,
      1.4696354843864792,
      607.6202216891861,
      232475145579.02985
    ],
    [
      24.025667806625993,
      1.413868751866131,
      837.2688117385096,
      241557505453.73315
    ],
    [
      19.584858811281535,
      1.3799617767570105,
      955.1448226342787,
      243895592257.95844
    ]
  ],
  "best_f1": 0.7758230062808904,
  "best_emo_f1": 0.6178095705375701,
  "best_sent_f1": 0.9483830232236934,
  "config": {
    "encoder": "roberta-base",
    "hidden_dim": 768,
    "n_heads": 8,
    "num_emotion_classes": 7,
    "max_length": 128,
    "dropout": 0.3,
    "batch_size": 16,
    "gradient_accumulation": 4,
    "epochs": 10,
    "lr_encoder": 1e-05,
    "lr_heads": 5e-05,
    "weight_decay": 0.01,
    "max_grad_norm": 1.0,
    "warmup_ratio": 0.1,
    "focal_gamma": 2.0,
    "label_smoothing": 0.1,
    "patience": 5,
    "freezing_epochs": 1,
    "balancing": "db-mtl"
  },
  "model_type": "aura_v11.5_dbmtl",
  "balancing_method": "DB-MTL (Lin et al., 2023)",
  "v11_fixes": [
    "proper_emotion_sentiment_validation",
    "task_mask_in_loss",
    "optimizer_state_reset_on_unfreeze",
    "emotion_eval_data_leak_fixed"
  ],
  "v115_improvements": [
    "db_mtl_gradient_balancing",
    "no_learnable_task_weights"
  ]
}